word1,word2,lift_value
vanilla,dark,1.1518934339483733
vanilla,chocolate,2.020803091623968
dark,chocolate,1.4601862974851807
dark,vanilla,1.1518934339483733
chocolate,vanilla,2.020803091623968
chocolate,dark,1.4601862974851807
