,chocolate,dark,vanilla
chocolate,0.0,1.4601862974851807,2.020803091623968
dark,1.4601862974851807,0.0,1.1518934339483733
vanilla,2.020803091623968,1.1518934339483733,0.0
