word1,word2,lift_value
vanilla,dark,1.1809070804226487
vanilla,chocolate,1.9691515285777579
dark,chocolate,1.4166473754268185
dark,vanilla,1.1809070804226487
chocolate,vanilla,1.9691515285777579
chocolate,dark,1.4166473754268185
