,chocolate,dark,vanilla
chocolate,0.0,1.4166473754268185,1.9691515285777579
dark,1.4166473754268185,0.0,1.1809070804226487
vanilla,1.9691515285777579,1.1809070804226487,0.0
